link,headline
http://www.thehindu.com/todays-paper/tp-national/tp-andhrapradesh/Media-Advocacy-workshop-on-HIVAIDS/article16343371.ece,Media Advocacy workshop on HIV/AIDS
http://www.thehindu.com/todays-paper/tp-national/tp-andhrapradesh/HIV-ve-lack-legal-awareness-NGOs/article16357357.ece,HIV +ve lack legal awareness: NGOs
http://www.thehindu.com/todays-paper/tp-national/tp-tamilnadu/Show-affection-to-HIV-patients/article16052240.ece,Show affection to HIV patients
http://www.thehindu.com/todays-paper/tp-national/tp-andhrapradesh/HIV-ve-lack-legal-awareness-NGOs/article16357357.ece,HIV +ve lack legal awareness: NGOs
http://www.thehindu.com/todays-paper/tp-national/tp-andhrapradesh/HIV-ve-lack-legal-awareness-NGOs/article16357357.ece,HIV +ve lack legal awareness: NGOs
http://www.thehindu.com/todays-paper/tp-national/tp-otherstates/HIV-patient-alleges-neglect-in-treatment/article16259031.ece,HIV patient alleges neglect in treatment
http://www.thehindu.com/todays-paper/tp-national/tp-tamilnadu/New-forum-for-HIVAIDS-victims/article16354442.ece,New forum for HIV/AIDS victims
http://www.thehindu.com/todays-paper/tp-national/tp-kerala/HIV-awareness-campaign-in-district-from-today/article16352294.ece,HIV awareness campaign in district from today
http://www.thehindu.com/todays-paper/tp-national/tp-andhrapradesh/HIV-positive-cases-in-district/article16356271.ece,HIV positive cases in district
http://www.thehindu.com/todays-paper/tp-national/tp-karnataka/India-has-the-third-largest-number-of-HIV-positive-people/article16352655.ece,India has the third largest number of HIV positive people
http://www.thehindu.com/todays-paper/tp-national/tp-andhrapradesh/Second-line-of-HIV-drugs-soon/article16353046.ece,Second line of HIV drugs soon
http://www.thehindu.com/todays-paper/tp-national/tp-andhrapradesh/Second-line-of-HIV-drugs-from-Jan.-20/article16352775.ece,Second line of HIV drugs from Jan. 20
http://www.thehindu.com/todays-paper/tp-national/tp-andhrapradesh/Mobile-HIV-awareness-campaign-from-today/article16607063.ece,Mobile HIV awareness campaign from today
http://www.thehindu.com/todays-paper/tp-national/tp-karnataka/Role-of-media-in-tackling-HIVAIDS-underscored/article16627168.ece,Role of media in tackling HIV/AIDS underscored
http://www.thehindu.com/todays-paper/tp-national/tp-andhrapradesh/lsquoHIV-injectionrsquo-attack-case-booked/article16345962.ece,‘HIV injection’ attack: case booked
,
,
http://www.thehindu.com/todays-paper/tp-national/tp-karnataka/Loan-scheme-for-people-with-HIV-yielding-results/article16344548.ece,Loan scheme for people with HIV yielding results
,
,
,
http://www.thehindu.com/todays-paper/tp-national/tp-andhrapradesh/lsquoInstil-confidence-among-HIV-positive-personsrsquo/article16346810.ece,‘Instil confidence among HIV positive persons’
,
,
,
,
,
,
,
,
,
,
,
,
,
http://www.thehindu.com/todays-paper/tp-national/tp-andhrapradesh/HIV-counsellors-observe-token-fast/article16347007.ece,HIV counsellors observe token fast
http://www.thehindu.com/todays-paper/tp-national/tp-tamilnadu/Community-care-centre-for-HIVAIDS-patients/article16343838.ece,Community care centre for HIV/AIDS patients
,
,
,
,
,
,
,
,
,
,
,
,
,
,
,
,
,
,
,
,
,
,
,
,
,
,
,
,
,
,
,
,
,
,
,
,
,
,
,
,
,
,
,
,
,
,
,
,
,
,
,
,
,
,
,
,
,
,
,
,
,
,
,
,
,
,
,
,
,
,
,
,
,
,
,
,
,
,
,
,
,
,
,
,
,
,
,
,
,
,
,
,
,
,
,
,
,
,
,
,
,
,
,
,
,
,
