name,type
Newgate Court,CLASSIC ENSUITE
Newgate Court,CLASSIC STUDIO
Newgate Court,CLASSIC ACCESSIBLE STUDIO
Mary Brancker House,En-suites
Mary Brancker House,Studios
Cavendish Place,En-suites
Cavendish Place,Flats
Cavendish Place,Studios
Crown House,CLASSIC STUDIO
Crown House,PREMIUM RANGE 1 STUDIO
Crown House,PREMIUM RANGE 1 ONE BEDROOM FLAT
Crown House,CLASSIC ENSUITE
Crown House,PREMIUM RANGE 1 ENSUITE
Crown House,PREMIUM RANGE 2 ENSUITE
Riverside Point,PREMIUM RANGE 1 ENSUITE
Riverside Point,CLASSIC STUDIO
Riverside Point,PREMIUM RANGE 1 STUDIO
Riverside Point,CLASSIC ENSUITE
St Peters Court,PREMIUM RANGE 1 ENSUITE
St Peters Court,CLASSIC STUDIO
St Peters Court,CLASSIC ENSUITE
Sidney Webb House,En-suites
Arrad House,CLASSIC ENSUITE
Sherren House,En-suites
Filbert Village,CLASSIC ONE BEDROOM FLAT
Filbert Village,CLASSIC ACCESSIBLE ENSUITE
Filbert Village,PREMIUM RANGE 1 ENSUITE
Filbert Village,CLASSIC ENSUITE
Filbert Village,PREMIUM RANGE 2 ENSUITE
Filbert Village,CLASSIC STUDIO
The Grange,PREMIUM RANGE 1 STUDIO
The Grange,BASIC ENSUITE
The Grange,CLASSIC ENSUITE
The Grange,CLASSIC STUDIO
James Baillie Park,En-suites
James Baillie Park,Non-en-suites
James Baillie Park,Studios
Saw Mill,BASIC ENSUITE
Saw Mill,CLASSIC ENSUITE
Saw Mill,PREMIUM RANGE 1 ENSUITE
Saw Mill,CLASSIC STUDIO
Saw Mill,PREMIUM RANGE 1 STUDIO
Saw Mill,PREMIUM RANGE 1 ACCESSIBLE STUDIO
Saw Mill,PREMIUM RANGE 2 ENSUITE
Saw Mill,PREMIUM RANGE 2 ACCESSIBLE ENSUITE
Newarke Point,CLASSIC STUDIO
Newarke Point,PREMIUM RANGE 1 STUDIO
Newarke Point,PREMIUM RANGE 1 ENSUITE
The Tannery,BASIC STUDIO
The Tannery,CLASSIC ACCESSIBLE STUDIO
The Tannery,CLASSIC STUDIO
The Tannery,PREMIUM RANGE 1 STUDIO
St Martins House,CLASSIC ENSUITE
St Martins House,CLASSIC STUDIO
St Martins House,PREMIUM RANGE 1 STUDIO
St Martins House,PREMIUM RANGE 1 ENSUITE
Firth Point,CLASSIC ENSUITE
Snow Island,CLASSIC ENSUITE
Sky Plaza,CLASSIC ENSUITE
Snow Island,PREMIUM RANGE 1 ENSUITE
Snow Island,PREMIUM RANGE 2 ENSUITE
Sky Plaza,PREMIUM RANGE 1 ENSUITE
Sky Plaza,PREMIUM RANGE 2 ENSUITE
Sky Plaza,PREMIUM RANGE 3 ENSUITE
Sky Plaza,CLASSIC STUDIO
Sky Plaza,PREMIUM RANGE 2 STUDIO
Sky Plaza,PREMIUM RANGE 1 STUDIO
Sky Plaza,CLASSIC ONE BEDROOM FLAT
Sky Plaza,PREMIUM RANGE 1 ONE BEDROOM FLAT
Sky Plaza,PREMIUM RANGE 4 TWO BED FLAT
The Priory,PREMIUM RANGE 2 ENSUITE
The Priory,BASIC STUDIO
The Priory,CLASSIC STUDIO
The Priory,PREMIUM RANGE 1 STUDIO
The Priory,PREMIUM RANGE 2 STUDIO
The Priory,CLASSIC ONE BEDROOM FLAT
The Priory,PREMIUM RANGE 3 STUDIO
The Priory,PREMIUM RANGE 1 ONE BEDROOM FLAT
The Priory,PREMIUM RANGE 4 STUDIO
The Priory,CLASSIC ENSUITE
The Priory,PREMIUM RANGE 1 ENSUITE
The Priory,PREMIUM RANGE 2 ONE BEDROOM FLAT
Northernhay House,CLASSIC ENSUITE
Northernhay House,CLASSIC ONE BEDROOM FLAT
Northernhay House,BASIC ENSUITE
Northernhay House,BASIC NON ENSUITE
Northernhay House,CLASSIC NON ENSUITE
Northernhay House,BASIC STUDIO
The Plaza,CLASSIC ENSUITE
The Plaza,PREMIUM RANGE 1 ENSUITE
The Plaza,BASIC STUDIO
The Plaza,CLASSIC STUDIO
The Plaza,PREMIUM RANGE 1 STUDIO
Northfield,CLASSIC STUDIO
Northfield,CLASSIC ACCESSIBLE STUDIO
Northfield,PREMIUM RANGE 1 STUDIO
Northfield,BASIC STUDIO
Northfield,CLASSIC ONE BEDROOM FLAT
Exeter Trust House,CLASSIC ENSUITE
Exeter Trust House,CLASSIC STUDIO
Exeter Trust House,PREMIUM RANGE 1 ENSUITE
Exeter Trust House,PREMIUM RANGE 1 STUDIO
Broadcasting Tower,CLASSIC ENSUITE
Broadcasting Tower,PREMIUM RANGE 1 ENSUITE
Broadcasting Tower,CLASSIC STUDIO
Broadcasting Tower,PREMIUM RANGE 1 STUDIO
Kelvin Court,CLASSIC ENSUITE
Kelvin Court,PREMIUM RANGE 1 ACCESSIBLE ENSUITE
Kelvin Court,PREMIUM RANGE 1 ENSUITE
Kelvin Court,PREMIUM RANGE 2 ENSUITE
Kelvin Court,CLASSIC TWO BED FLAT
Kelvin Court,CLASSIC ONE BEDROOM FLAT
Tramworks,CLASSIC ENSUITE
Tramworks,CLASSIC ACCESSIBLE ENSUITE
Tramworks,CLASSIC STUDIO
Tramworks,PREMIUM RANGE 1 STUDIO
Tramworks,CLASSIC ACCESSIBLE STUDIO
Blackfriars,CLASSIC ENSUITE
Blackfriars,PREMIUM RANGE 1 ENSUITE
Blackfriars,PREMIUM RANGE 2 ENSUITE
Blackfriars,PREMIUM RANGE 3 ENSUITE
Blackfriars,PREMIUM RANGE 4 ENSUITE
Blackfriars,CLASSIC ONE BEDROOM FLAT
Blackfriars,CLASSIC STUDIO
Blackfriars,PREMIUM RANGE 1 STUDIO
Concept Place,CLASSIC ENSUITE
Concept Place,PREMIUM RANGE 1 ENSUITE
Concept Place,PREMIUM RANGE 2 ENSUITE
Concept Place,CLASSIC STUDIO
Concept Place,PREMIUM RANGE 1 STUDIO
Concept Place,CLASSIC ONE BEDROOM FLAT
Concept Place,PREMIUM RANGE 2 STUDIO
Thurso Street,CLASSIC ENSUITE
Thurso Street,PREMIUM RANGE 1 ACCESSIBLE ENSUITE
Thurso Street,PREMIUM RANGE 1 ENSUITE
Thurso Street,PREMIUM RANGE 2 ENSUITE
Thurso Street,CLASSIC STUDIO
Thurso Street,PREMIUM RANGE 1 STUDIO
Raglan House,CLASSIC ENSUITE
Raglan House,CLASSIC STUDIO
Gosford Gate,CLASSIC STUDIO
Gosford Gate,CLASSIC ACCESSIBLE STUDIO
Salisbury Court,CLASSIC ACCESSIBLE STUDIO
Salisbury Court,CLASSIC STUDIO
St Vincents Place,CLASSIC ACCESSIBLE STUDIO
St Vincents Place,CLASSIC STUDIO
St Vincents Place,PREMIUM RANGE 1 STUDIO
St Vincents Place,CLASSIC ENSUITE
The Old Printworks,CLASSIC ACCESSIBLE STUDIO
The Old Printworks,PREMIUM RANGE 1 STUDIO
The Old Printworks,PREMIUM RANGE 2 STUDIO
The Old Printworks,PREMIUM RANGE 2 ENSUITE
The Old Printworks,PREMIUM RANGE 1 ENSUITE
The Old Printworks,CLASSIC ENSUITE
The Old Printworks,CLASSIC STUDIO
Sugarhouse Close,CLASSIC ENSUITE
Sugarhouse Close,CLASSIC TWO BED FLAT
Sugarhouse Close,PREMIUM RANGE 1 TWO BED FLAT
Sugarhouse Close,PREMIUM RANGE 1 ENSUITE
Sugarhouse Close,PREMIUM RANGE 1 STUDIO
Sugarhouse Close,CLASSIC STUDIO
Sugarhouse Close,PREMIUM RANGE 2 STUDIO
Sugarhouse Close,BASIC ENSUITE
Sugarhouse Close,PREMIUM RANGE 2 ENSUITE
Chalmers Street,CLASSIC NON ENSUITE
Chalmers Street,CLASSIC ENSUITE
Chalmers Street,BASIC NON ENSUITE
Chalmers Street,PREMIUM RANGE 1 STUDIO
Chalmers Street,PREMIUM RANGE 3 STUDIO
Chalmers Street,CLASSIC STUDIO
Chalmers Street,PREMIUM RANGE 2 STUDIO
The Holt,En-suites
The Holt,Flats
The Holt,Studios
Devonshire Courtyard,CLASSIC STUDIO
Millennium View,CLASSIC STUDIO
Millennium View,CLASSIC ENSUITE
Callice Court,CLASSIC TWO BED FLAT
Callice Court,CLASSIC STUDIO
Callice Court,PREMIUM RANGE 1 STUDIO
Callice Court,CLASSIC ONE BEDROOM FLAT
Waterways,BASIC ENSUITE
Waterways,CLASSIC ENSUITE
Waterways,PREMIUM RANGE 1 ENSUITE
Waterways,PREMIUM RANGE 3 ENSUITE
Waterways,PREMIUM RANGE 4 ENSUITE
Waterways,PREMIUM RANGE 2 ENSUITE
The Bridge House,CLASSIC NON ENSUITE
The Forge,CLASSIC STUDIO
The Forge,PREMIUM RANGE 1 STUDIO
Elvet Studios,PREMIUM RANGE 1 STUDIO
Elvet Studios,PREMIUM RANGE 3 STUDIO
Elvet Studios,PREMIUM RANGE 4 STUDIO
Elvet Studios,CLASSIC STUDIO
Elvet Studios,PREMIUM RANGE 2 STUDIO
Houghall Court,CLASSIC ENSUITE
Houghall Court,CLASSIC STUDIO
Houghall Court,PREMIUM RANGE 1 ENSUITE
The Anvil,CLASSIC ENSUITE
The Anvil,PREMIUM RANGE 1 ENSUITE
The Anvil,PREMIUM RANGE 1 STUDIO
The Anvil,PREMIUM RANGE 2 STUDIO
The Anvil,CLASSIC STUDIO
The Forge 2,PREMIUM RANGE 1 ENSUITE
The Forge 2,PREMIUM RANGE 2 ENSUITE
The Forge 2,CLASSIC STUDIO
The Forge 2,PREMIUM RANGE 1 STUDIO
The Forge 2,PREMIUM RANGE 2 STUDIO
Exchange Works,CLASSIC ENSUITE
Exchange Works,BASIC ENSUITE
Exchange Works,PREMIUM RANGE 1 ENSUITE
Exchange Works,PREMIUM RANGE 2 ENSUITE
Exchange Works,PREMIUM RANGE 1 STUDIO
Archways,CLASSIC ENSUITE
Archways,PREMIUM RANGE 1 ENSUITE
Cambridge Court,CLASSIC ENSUITE
Brass Founders,BASIC ENSUITE
Brass Founders,CLASSIC ENSUITE
Brass Founders,PREMIUM RANGE 1 ENSUITE
Brass Founders,CLASSIC STUDIO
Brass Founders,PREMIUM RANGE 1 STUDIO
Brass Founders,PREMIUM RANGE 2 STUDIO
Brass Founders,PREMIUM RANGE 3 ACCESSIBLE STUDIO
Brass Founders,PREMIUM RANGE 2 ENSUITE
Brass Founders,PREMIUM RANGE 3 STUDIO
Brass Founders,PREMIUM RANGE 1 ACCESSIBLE STUDIO
Central Quay,CLASSIC ENSUITE
Central Quay,PREMIUM RANGE 1 ENSUITE
Central Quay,PREMIUM RANGE 1 STUDIO
Central Quay,CLASSIC STUDIO
Cedar House,CLASSIC ENSUITE
Cedar House,PREMIUM RANGE 1 ENSUITE
Grand Central,BASIC ENSUITE
Grand Central,BASIC ACCESSIBLE ENSUITE
Grand Central,CLASSIC ENSUITE
Grand Central,PREMIUM RANGE 1 ENSUITE
Grand Central,CLASSIC STUDIO
Grand Central,CLASSIC ACCESSIBLE STUDIO
Grand Central,PREMIUM RANGE 1 STUDIO
Grand Central,PREMIUM RANGE 1 ACCESSIBLE STUDIO
Grand Central,CLASSIC NON ENSUITE
St Lukes View,CLASSIC ENSUITE
St Lukes View,CLASSIC STUDIO
Leadmill Point,CLASSIC NON ENSUITE
Leadmill Point,CLASSIC ENSUITE
Leadmill Point,PREMIUM RANGE 1 ACCESSIBLE ENSUITE
Rushford Court,CLASSIC ENSUITE
Rushford Court,CLASSIC STUDIO
Rushford Court,PREMIUM RANGE 1 STUDIO
Rushford Court,PREMIUM RANGE 2 STUDIO
Rushford Court,PREMIUM RANGE 3 STUDIO
Lennon Studios,PREMIUM RANGE 1 NON ENSUITE
Lennon Studios,CLASSIC ENSUITE
Lennon Studios,PREMIUM RANGE 1 ENSUITE
Lennon Studios,BASIC STUDIO
Lennon Studios,CLASSIC STUDIO
Lennon Studios,PREMIUM RANGE 1 STUDIO
Lennon Studios,PREMIUM RANGE 2 STUDIO
Lennon Studios,BASIC ENSUITE
Moonraker Point,En-suites
Moonraker Point,Studios
Discovery Heights,En-suites
Discovery Heights,Studios
Larch House,CLASSIC NON ENSUITE
Larch House,PREMIUM RANGE 1 NON ENSUITE
Larch House,BASIC NON ENSUITE
Larch House,PREMIUM RANGE 1 ONE BEDROOM FLAT
St Teresa House,CLASSIC NON ENSUITE
St Teresa House,CLASSIC ONE BEDROOM FLAT
St Teresa House,CLASSIC STUDIO
Julian Markham House,En-suites
Julian Markham House,Studios
Alexandra Works,CLASSIC ENSUITE
Central Point,CLASSIC ENSUITE
Central Point,CLASSIC STUDIO
Central Point,PREMIUM RANGE 1 STUDIO
Central Point,CLASSIC NON ENSUITE
Central Point,BASIC STUDIO
Ewen Henderson Court,En-suites
Ewen Henderson Court,Flats
St Thomas Court,CLASSIC ENSUITE
St Thomas Court,CLASSIC STUDIO
Angel Lane,En-suites
Angel Lane,Studios
Piccadilly Court,En-suites
Piccadilly Court,Studios
St Pancras Way,CLASSIC ENSUITE
St Pancras Way,CLASSIC STUDIO
St Pancras Way,CLASSIC ACCESSIBLE STUDIO
St Pancras Way,PREMIUM RANGE 1 STUDIO
St Pancras Way,PREMIUM RANGE 2 STUDIO
Elizabeth Croll House,CLASSIC TWO BED FLAT
Elizabeth Croll House,BASIC STUDIO
Elizabeth Croll House,CLASSIC STUDIO
Elizabeth Croll House,PREMIUM RANGE 1 STUDIO
Elizabeth Croll House,PREMIUM RANGE 1 ACCESSIBLE STUDIO
Elizabeth Croll House,PREMIUM RANGE 2 STUDIO
Elizabeth Croll House,PREMIUM RANGE 3 STUDIO
Student Living Heights,CLASSIC STUDIO
Student Living Heights,PREMIUM RANGE 1 STUDIO
Student Living Heights,BASIC STUDIO
Student Living Heights,CLASSIC ACCESSIBLE STUDIO
Somerset Court,CLASSIC ENSUITE
Somerset Court,CLASSIC ONE BEDROOM FLAT
Somerset Court,CLASSIC STUDIO
Somerset Court,PREMIUM RANGE 1 STUDIO
Somerset Court,PREMIUM RANGE 2 STUDIO
Wellington Lodge,CLASSIC ACCESSIBLE ENSUITE
Wellington Lodge,CLASSIC ENSUITE
Wellington Lodge,PREMIUM RANGE 1 ACCESSIBLE ENSUITE
Wellington Lodge,PREMIUM RANGE 1 ENSUITE
Wellington Lodge,CLASSIC STUDIO
Wellington Lodge,PREMIUM RANGE 2 ENSUITE
Quantum Court,PREMIUM RANGE 1 STUDIO
Quantum Court,CLASSIC ACCESSIBLE STUDIO
Quantum Court,CLASSIC STUDIO
Quantum Court,PREMIUM RANGE 2 STUDIO
Welcome to Stapleton House,CLASSIC ACCESSIBLE STUDIO
Welcome to Stapleton House,PREMIUM RANGE 1 ENSUITE
Welcome to Stapleton House,CLASSIC ENSUITE
Welcome to Stapleton House,PREMIUM RANGE 1 ACCESSIBLE ENSUITE
Welcome to Stapleton House,CLASSIC STUDIO
Rahere Court,BASIC ENSUITE
Rahere Court,CLASSIC ENSUITE
Rahere Court,CLASSIC STUDIO
Rahere Court,BASIC STUDIO
Rahere Court,PREMIUM RANGE 1 STUDIO
Beaumont Court,CLASSIC ENSUITE
Beaumont Court,PREMIUM RANGE 1 ENSUITE
Beaumont Court,CLASSIC STUDIO
Pacific Court,BASIC ENSUITE
Pacific Court,CLASSIC ENSUITE
Pacific Court,CLASSIC STUDIO
Pacific Court,CLASSIC ACCESSIBLE STUDIO
Pacific Court,PREMIUM RANGE 1 STUDIO
Pacific Court,PREMIUM RANGE 1 ACCESSIBLE STUDIO
Blithehale Court,CLASSIC ENSUITE
Blithehale Court,CLASSIC STUDIO
Blithehale Court,PREMIUM RANGE 1 STUDIO
Stratford ONE,CLASSIC ENSUITE
Stratford ONE,PREMIUM RANGE 1 ENSUITE
Stratford ONE,BASIC ENSUITE
Stratford ONE,PREMIUM RANGE 2 ENSUITE
Stratford ONE,PREMIUM RANGE 3 ENSUITE
Stratford ONE,BASIC STUDIO
Stratford ONE,CLASSIC STUDIO
Stratford ONE,PREMIUM RANGE 1 STUDIO
Stratford ONE,PREMIUM RANGE 2 STUDIO
Stratford ONE,PREMIUM RANGE 3 STUDIO
Stratford ONE,BASIC ACCESSIBLE STUDIO
East Central House,CLASSIC ACCESSIBLE STUDIO
East Central House,CLASSIC STUDIO
Olympic Way,PREMIUM RANGE 1 ENSUITE
Olympic Way,PREMIUM RANGE 2 ENSUITE
Olympic Way,BASIC ACCESSIBLE STUDIO
Olympic Way,CLASSIC ACCESSIBLE STUDIO
Olympic Way,PREMIUM RANGE 1 STUDIO
Olympic Way,PREMIUM RANGE 2 STUDIO
Olympic Way,CLASSIC ENSUITE
Olympic Way,BASIC STUDIO
Olympic Way,CLASSIC STUDIO
Emily Bowes Court,BASIC ENSUITE
Emily Bowes Court,CLASSIC ENSUITE
Emily Bowes Court,PREMIUM RANGE 1 ENSUITE
Emily Bowes Court,PREMIUM RANGE 2 ENSUITE
Emily Bowes Court,PREMIUM RANGE 3 ENSUITE
Emily Bowes Court,CLASSIC STUDIO
Emily Bowes Court,PREMIUM RANGE 1 STUDIO
Emily Bowes Court,PREMIUM RANGE 2 STUDIO
Sunlight Apartments,CLASSIC NON ENSUITE
Station Court,CLASSIC ENSUITE
Parkway Gate,CLASSIC ENSUITE
Parkway Gate,PREMIUM RANGE 1 ENSUITE
Parkway Gate,PREMIUM RANGE 1 ACCESSIBLE ENSUITE
Parkway Gate,PREMIUM RANGE 2 ENSUITE
Parkway Gate,CLASSIC ONE BEDROOM FLAT
Kincardine Court,CLASSIC ENSUITE
Causeway View,CLASSIC ENSUITE
Causeway View,PREMIUM RANGE 1 ENSUITE
Causeway View,CLASSIC STUDIO
Causeway View,CLASSIC ACCESSIBLE STUDIO
Causeway View,PREMIUM RANGE 2 STUDIO
Causeway View,PREMIUM RANGE 1 STUDIO
Causeway View,PREMIUM RANGE 3 STUDIO
Piccadilly Point,PREMIUM RANGE 2 ENSUITE
Piccadilly Point,CLASSIC STUDIO
Piccadilly Point,PREMIUM RANGE 1 STUDIO
Piccadilly Point,CLASSIC ENSUITE
Piccadilly Point,PREMIUM RANGE 1 ENSUITE
North Lodge,BASIC ENSUITE
North Lodge,CLASSIC ACCESSIBLE ENSUITE
North Lodge,CLASSIC ENSUITE
North Lodge,PREMIUM RANGE 1 ENSUITE
North Lodge,PREMIUM RANGE 2 ENSUITE
Bernard Myers House,CLASSIC ENSUITE
Bernard Myers House,CLASSIC STUDIO
New Medlock House,CLASSIC NON ENSUITE
New Medlock House,PREMIUM RANGE 1 NON ENSUITE
New Medlock House,CLASSIC ENSUITE
New Medlock House,PREMIUM RANGE 1 ENSUITE
New Medlock House,CLASSIC STUDIO
King Street Exchange,BASIC ENSUITE
King Street Exchange,CLASSIC ENSUITE
King Street Exchange,BASIC STUDIO
Kendrick Hall,PREMIUM RANGE 1 ENSUITE
Kendrick Hall,PREMIUM RANGE 3 ENSUITE
Kendrick Hall,CLASSIC ENSUITE
Kendrick Hall,PREMIUM RANGE 2 ENSUITE
Kendrick Hall,PREMIUM RANGE 1 STUDIO
Kendrick Hall,CLASSIC STUDIO
Spring Gardens,CLASSIC NON ENSUITE
Spring Gardens,PREMIUM RANGE 1 NON ENSUITE
Spring Gardens,CLASSIC ENSUITE
Spring Gardens,CLASSIC STUDIO
Spring Gardens,PREMIUM RANGE 1 STUDIO
Spring Gardens,CLASSIC ONE BEDROOM FLAT
Magnet Court,CLASSIC ENSUITE
Magnet Court,CLASSIC STUDIO
Dorset House,En-suites
Dorset House,Studios
The Old Fire Station,CLASSIC ENSUITE
The Old Fire Station,PREMIUM RANGE 1 ENSUITE
The Old Fire Station,BASIC STUDIO
The Old Fire Station,CLASSIC STUDIO
Beech House,En-suites
Manor Bank,CLASSIC ENSUITE
Manor Bank,CLASSIC STUDIO
Manor Bank,PREMIUM RANGE 1 STUDIO
Athena Studios,CLASSIC STUDIO
Athena Studios,PREMIUM RANGE 1 STUDIO
Athena Studios,PREMIUM RANGE 2 STUDIO
Athena Studios,PREMIUM RANGE 3 STUDIO
Athena Studios,PREMIUM RANGE 3 ACCESSIBLE STUDIO
Athena Studios,PREMIUM RANGE 4 ACCESSIBLE STUDIO
Athena Studios,PREMIUM RANGE 4 STUDIO
Mary Sturge,En-suites
William Murdoch,En-suites
Staniforth House,CLASSIC ACCESSIBLE STUDIO
Staniforth House,CLASSIC STUDIO
Staniforth House,CLASSIC ENSUITE
Staniforth House,PREMIUM RANGE 1 ENSUITE
Harriet Martineau,PREMIUM RANGE 2 ENSUITE
Harriet Martineau,PREMIUM RANGE 1 ENSUITE
Harriet Martineau,CLASSIC ONE BEDROOM FLAT
James Watt,En-suites
Jennens Court,CLASSIC ENSUITE
Jennens Court,PREMIUM RANGE 1 ENSUITE
Jennens Court,CLASSIC ACCESSIBLE ENSUITE
Jennens Court,PREMIUM RANGE 1 STUDIO
Jennens Court,CLASSIC STUDIO
Londonderry House,PREMIUM RANGE 1 ENSUITE
Londonderry House,CLASSIC ENSUITE
Londonderry House,CLASSIC STUDIO
Purbeck House,En-suites
Purbeck House,Studios
Waterside Court,En-suites
Charlton Court,CLASSIC STUDIO
Charlton Court,PREMIUM RANGE 1 STUDIO
Charlton Court,PREMIUM RANGE 2 STUDIO
Lakeside,CLASSIC ENSUITE
Nelson House and Drake House,En-suites
Nelson House and Drake House,Non-en-suites
Nelson House and Drake House,Studios
UNITE House,En-suites
UNITE House,Non-en-suites
UNITE House,Studios
The Rackhay,Non-en-suites
Waverley House,Non-en-suites
Waverley House,Studios
Transom House,En-suites
Transom House,Non-en-suites
Marketgate,En-suites
Marketgate,Studios
Orchard Heights,En-suites
Orchard Heights,Studios
Chantry Court,En-suites
Chantry Court,Non-en-suites
Chantry Court,Studios
Culver House,CLASSIC NON ENSUITE
Favell House,Non-en-suites
Phoenix Court,PREMIUM RANGE 1 ENSUITE
Phoenix Court,PREMIUM RANGE 1 STUDIO
Blenheim Court,CLASSIC ENSUITE
Blenheim Court,PREMIUM RANGE 1 ENSUITE
Blenheim Court,CLASSIC STUDIO
Blenheim Court,PREMIUM RANGE 1 STUDIO
Cherry Court,PREMIUM RANGE 1 ENSUITE
Cherry Court,PREMIUM RANGE 2 ENSUITE
Cherry Court,CLASSIC ENSUITE
Brunel House,CLASSIC ACCESSIBLE STUDIO
Brunel House,CLASSIC STUDIO
Brunel House,PREMIUM RANGE 1 STUDIO
Brunel House,PREMIUM RANGE 2 ACCESSIBLE STUDIO
Brunel House,PREMIUM RANGE 2 STUDIO
Studio 58,PREMIUM RANGE 1 STUDIO
Studio 58,PREMIUM RANGE 2 STUDIO
Studio 58,BASIC STUDIO
Studio 58,CLASSIC STUDIO
